{
  "description": "项目配置文件",
  "packOptions": {
    "ignore": []
  },
  "setting": {
    "urlCheck": false,
    "es6": true,
    "enhance": false,
    "postcss": true,
    "preloadBackgroundData": false,
    "minified": true,
    "newFeature": false,
    "coverView": true,
    "nodeModules": true,
    "autoAudits": false,
    "showShadowRootInWxmlPanel": true,
    "scopeDataCheck": false,
    "uglifyFileName": false,
    "checkInvalidKey": true,
    "checkSiteMap": true,
    "uploadWithSourceMap": true,
    "compileHotReLoad": false,
    "useMultiFrameRuntime": true,
    "useApiHook": true,
    "useApiHostProcess": false,
    "babelSetting": {
      "ignore": [],
      "disablePlugins": [],
      "outputPath": ""
    },
    "enableEngineNative": false,
    "bundle": false,
    "useIsolateContext": true,
    "useCompilerModule": true,
    "userConfirmedUseCompilerModuleSwitch": false,
    "userConfirmedBundleSwitch": false,
    "packNpmManually": false,
    "packNpmRelationList": [],
    "minifyWXSS": true
  },
  "compileType": "miniprogram",
  "libVersion": "2.15.0",
  "appid": "wx54dea766ca936f0d",
  "projectname": "jdz-pro",
  "debugOptions": {
    "hidedInDevtools": []
  },
  "isGameTourist": false,
  "simulatorType": "wechat",
  "simulatorPluginLibVersion": {},
  "condition": {
    "plugin": {
      "list": []
    },
    "game": {
      "list": []
    },
    "gamePlugin": {
      "list": []
    },
    "miniprogram": {
      "list": [
        {
          "name": "pages/userMenu/userDoc/userDoc",
          "pathName": "pages/userMenu/userDoc/userDoc",
          "query": "",
          "scene": null
        },
        {
          "name": "pages/userMenu/userOrder/userOrder",
          "pathName": "pages/userMenu/userOrder/userOrder",
          "query": "",
          "scene": null
        },
        {
          "name": "pages/userMenu/historyOrder/historyOrder",
          "pathName": "pages/userMenu/historyOrder/historyOrder",
          "query": "",
          "scene": null
        },
        {
          "name": "pages/user/user",
          "pathName": "pages/user/user",
          "query": "",
          "scene": null
        },
        {
          "name": "pages/userMenu/public/public",
          "pathName": "pages/userMenu/public/public",
          "query": "",
          "scene": null
        },
        {
          "name": "pages/detail/detail",
          "pathName": "pages/detail/detail",
          "query": "",
          "scene": null
        },
        {
          "name": "pages/userMenu/adviceFeedBack/adviceFeedBack",
          "pathName": "pages/userMenu/adviceFeedBack/adviceFeedBack",
          "query": "",
          "scene": null
        },
        {
          "name": "pages/userMenu/member/member",
          "pathName": "pages/userMenu/member/member",
          "query": "",
          "scene": null
        },
        {
          "name": "pages/login/login",
          "pathName": "pages/user/user",
          "query": "",
          "scene": null
        },
        {
          "name": "pages/index/index",
          "pathName": "pages/index/index",
          "query": "",
          "scene": null
        },
        {
          "name": "pages/index/index",
          "pathName": "pages/index/index",
          "scene": null
        }
      ]
    }
  }
}